Model Year,Division,Carline,Eng Displ,# Cyl,City FE (Guide) - Conventional Fuel,Hwy FE (Guide) - Conventional Fuel,Comb FE (Guide) - Conventional Fuel
2020,Acura,NSX,3.5,6,21,22,21
2020,ALFA ROMEO,4C,1.8,4,24,34,28
2020,Aston Martin Lagonda Ltd,Vantage V8,4.0,8,18,24,20
2020,Audi,R8,5.2,10,13,20,16
2020,Audi,R8 Spyder,5.2,10,13,20,16
2020,Audi,TT Roadster quattro,2.0,4,23,31,26
2020,BMW,Z4 M40i,3.0,6,24,31,26
2020,BMW,Z4 sDrive30i,2.0,4,24,32,27
2020,Bugatti,Chiron,8.0,16,9,14,11
2020,Bugatti,Divo,8.0,16,9,13,10
2020,Chevrolet,CORVETTE,6.2,8,15,27,19
2020,FIAT,124 Spider,1.4,4,25,36,29
2020,FIAT,124 Spider,1.4,4,26,35,30
2020,Ford,FORD GT,3.5,6,12,18,14
2020,Jaguar,F-TYPE AWD Convertible,5.0,8,16,24,18
2020,Jaguar,F-TYPE AWD Coupe,5.0,8,16,24,18
2020,Jaguar,F-TYPE Convertible,2.0,4,23,30,26
2020,Jaguar,F-TYPE Convertible,3.0,6,20,28,23
2020,Jaguar,F-TYPE Coupe,2.0,4,23,30,26
2020,Jaguar,F-TYPE Coupe,3.0,6,20,28,23
2020,Jaguar,F-TYPE S AWD Convertible,3.0,6,18,26,21
2020,Jaguar,F-TYPE S AWD Coupe,3.0,6,18,26,21
2020,Jaguar,F-TYPE S Convertible,3.0,6,19,27,22
2020,Jaguar,F-TYPE S Coupe,3.0,6,19,27,22
2020,Jaguar,F-TYPE SVR AWD Convertible,5.0,8,16,24,18
2020,Jaguar,F-TYPE SVR AWD Coupe,5.0,8,16,24,18
2020,Lamborghini,Aventador Coupe,6.5,12,9,15,11
2020,Lamborghini,Aventador Roadster,6.5,12,9,15,11
2020,Lamborghini,Huracan,5.2,10,13,18,15
2020,Lamborghini,Huracan 2WD,5.2,10,13,18,15
2020,Lamborghini,Huracan Spyder,5.2,10,13,18,15
2020,Lamborghini,Huracan Spyder 2WD,5.2,10,13,18,15
2020,MAZDA,MX-5,2.0,4,26,35,30
2020,MAZDA,MX-5,2.0,4,26,34,29
2020,Mercedes-Benz,AMG GT (coupe),4.0,8,16,22,18
2020,Mercedes-Benz,AMG GT (roadster),4.0,8,16,22,18
2020,Mercedes-Benz,AMG GT C (coupe),4.0,8,15,21,17
2020,Mercedes-Benz,AMG GT C (roadster),4.0,8,15,20,17
2020,Mercedes-Benz,AMG GT R (coupe),4.0,8,15,20,17
2020,Mercedes-Benz,AMG GT R (roadster),4.0,8,15,20,17
2020,Mercedes-Benz,AMG SLC 43,3.0,6,20,29,23
2020,Mercedes-Benz,SL 450,3.0,6,20,28,22
2020,Mercedes-Benz,SL 550,4.7,8,17,25,20
2020,Mercedes-Benz,SLC 300,2.0,4,23,32,27
2020,NISSAN,370Z,3.7,6,19,26,22
2020,NISSAN,370Z,3.7,6,17,26,20
2020,NISSAN,370Z Roadster,3.7,6,18,25,21
2020,Porsche,718 Cayman GT4,4.0,6,16,23,19
2020,Porsche,718 Spyder,4.0,6,16,23,19
2020,TOYOTA,Supra 3.0,3.0,6,24,31,26
2020,Aston Martin Lagonda Ltd,DB11 V12,5.2,12,15,22,18
2020,Aston Martin Lagonda Ltd,DB11 V8,4.0,8,18,24,20
2020,Aston Martin Lagonda Ltd,DBS,5.2,12,14,22,17
2020,Bentley,Continental GT Convertible,4.0,8,16,26,19
2020,Bentley,Continental GT Convertible,6.0,12,12,19,15
2020,Lotus Cars Ltd,Evora,3.5,6,17,24,20
2020,Lotus Cars Ltd,Evora,3.5,6,16,24,19
2020,Lotus Cars Ltd,Evora GT,3.5,6,17,24,20
2020,Lotus Cars Ltd,Evora GT,3.5,6,17,26,20
2020,Mini,COOPER CONVERTIBLE,1.5,3,28,36,31
2020,Mini,COOPER S CONVERTIBLE,2.0,4,26,34,29
2020,Mini,JOHN COOPER WORKS CONVERTIBLE,2.0,4,25,33,28
2020,Porsche,911 Carrera,3.0,6,18,24,20
2020,Porsche,911 Carrera 4,3.0,6,18,24,20
2020,Porsche,911 Carrera 4 Cabriolet,3.0,6,18,24,20
2020,Porsche,911 Carrera 4S,3.0,6,18,23,20
2020,Porsche,911 Carrera 4S,3.0,6,17,24,20
2020,Porsche,911 Carrera 4S Cabriolet,3.0,6,18,23,20
2020,Porsche,911 Carrera 4S Cabriolet,3.0,6,17,24,20
2020,Porsche,911 Carrera Cabriolet,3.0,6,17,24,20
2020,Porsche,911 Carrera S,3.0,6,18,24,20
2020,Porsche,911 Carrera S,3.0,6,17,25,20
2020,Porsche,911 Carrera S Cabriolet,3.0,6,18,23,20
2020,Porsche,911 Carrera S Cabriolet,3.0,6,17,25,20
2020,Subaru,BRZ,2.0,4,24,33,27
2020,Subaru,BRZ,2.0,4,21,29,24
2020,Subaru,BRZ tS,2.0,4,20,27,23
2020,TOYOTA,86,2.0,4,24,32,27
2020,TOYOTA,86,2.0,4,21,28,24
2020,Audi,A3,2.0,4,27,36,30
2020,Audi,A3 Cabriolet quattro,2.0,4,22,30,25
2020,Audi,A3 quattro,2.0,4,22,30,25
2020,Audi,A5 Cabriolet quattro,2.0,4,23,31,26
2020,Audi,A5 quattro,2.0,4,24,32,27
2020,Audi,RS3,2.5,5,19,28,23
2020,Audi,S3,2.0,4,22,29,25
2020,Audi,S5,3.0,6,20,27,23
2020,Audi,S5 Cabriolet,3.0,6,19,26,22
2020,Audi,TT Coupe quattro,2.0,4,23,31,26
2020,Audi,TT RS,2.5,5,19,29,23
2020,Audi,TTS Coupe,2.0,4,23,29,25
2020,Bentley,Continental GT,4.0,8,16,26,19
2020,Bentley,Continental GT,6.0,12,12,20,15
2020,BMW,230i Convertible,2.0,4,23,34,27
2020,BMW,230i Coupe,2.0,4,24,32,27
2020,BMW,230i Coupe,2.0,4,21,32,25
2020,BMW,230i xDrive Convertible,2.0,4,21,31,24
2020,BMW,230i xDrive Coupe,2.0,4,21,31,24
2020,BMW,430i Convertible,2.0,4,23,34,27
2020,BMW,430i xDrive Convertible,2.0,4,22,32,26
2020,BMW,440i Convertible,3.0,6,22,29,24
2020,BMW,440i xDrive Convertible,3.0,6,20,28,23
2020,BMW,840i Convertible,3.0,6,22,29,24
2020,BMW,840i Coupe,3.0,6,23,30,25
2020,BMW,840i xDrive Convertible,3.0,6,20,27,23
2020,BMW,840i xDrive Coupe,3.0,6,21,27,23
2020,BMW,M2 Competition Coupe,3.0,6,17,23,19
2020,BMW,M2 Competition Coupe,3.0,6,18,25,20
2020,BMW,M2 CS Coupe,3.0,6,16,23,19
2020,BMW,M2 CS Coupe,3.0,6,17,24,20
2020,BMW,M240i Convertible,3.0,6,22,30,25
2020,BMW,M240i Convertible,3.0,6,19,27,22
2020,BMW,M240i Coupe,3.0,6,22,30,25
2020,BMW,M240i Coupe,3.0,6,19,27,22
2020,BMW,M240i Coupe M Performance,3.0,6,22,30,25
2020,BMW,M240i Coupe M Performance,3.0,6,19,27,22
2020,BMW,M240i xDrive Convertible,3.0,6,22,30,25
2020,BMW,M240i xDrive Coupe,3.0,6,22,30,25
2020,BMW,M240i xDrive Coupe M Performance,3.0,6,22,30,25
2020,BMW,M4 Convertible,3.0,6,16,22,19
2020,BMW,M4 Convertible,3.0,6,17,25,20
2020,BMW,M4 Convertible Competition,3.0,6,16,22,19
2020,BMW,M4 Convertible Competition,3.0,6,17,25,20
2020,BMW,M8 Competition Convertible,4.4,8,15,21,17
2020,BMW,M8 Competition Coupe,4.4,8,15,21,17
2020,BMW,M8 Convertible,4.4,8,15,21,17
2020,BMW,M8 Coupe,4.4,8,15,21,17
2020,BMW,M850i xDrive Convertible,4.4,8,17,25,20
2020,BMW,M850i xDrive Coupe,4.4,8,18,25,20
2020,Chevrolet,CAMARO,2.0,4,22,31,25
2020,Chevrolet,CAMARO,2.0,4,20,30,23
2020,Chevrolet,CAMARO,3.6,6,19,29,22
2020,Chevrolet,CAMARO,3.6,6,16,26,20
2020,Chevrolet,CAMARO,6.2,8,16,27,20
2020,Chevrolet,CAMARO,6.2,8,13,21,16
2020,Chevrolet,CAMARO,6.2,8,16,24,19
2020,Chevrolet,CAMARO,6.2,8,14,20,16
2020,Chevrolet,SPARK,1.4,4,30,38,33
2020,Chevrolet,SPARK,1.4,4,29,38,33
2020,Chevrolet,SPARK ACTIV,1.4,4,30,37,33
2020,Chevrolet,SPARK ACTIV,1.4,4,29,37,32
2020,Ford,MUSTANG,2.3,4,21,32,25
2020,Ford,MUSTANG,2.3,4,21,30,24
2020,Ford,MUSTANG,5.0,8,16,25,19
2020,Ford,MUSTANG,5.0,8,15,24,18
2020,Ford,MUSTANG BULLITT,5.0,8,14,23,17
2020,Ford,MUSTANG CONVERTIBLE,2.3,4,20,28,23
2020,Ford,MUSTANG CONVERTIBLE,2.3,4,20,28,23
2020,Ford,MUSTANG CONVERTIBLE,5.0,8,15,24,18
2020,Ford,MUSTANG HO CONVERTIBLE,2.3,4,20,27,23
2020,Ford,MUSTANG HO CONVERTIBLE,2.3,4,19,26,22
2020,Ford,MUSTANG HO COUPE,2.3,4,20,28,23
2020,Ford,MUSTANG HO COUPE,2.3,4,20,27,23
2020,Ford,SHELBY GT350 MUSTANG,5.2,8,14,21,16
2020,Ford,SHELBY GT500 MUSTANG,5.2,8,12,18,14
2020,INFINITI,Q60,3.0,6,19,28,22
2020,INFINITI,Q60 AWD,3.0,6,19,27,22
2020,INFINITI,Q60 AWD RED SPORT,3.0,6,19,26,21
2020,INFINITI,Q60 RED SPORT,3.0,6,20,27,22
2020,LEXUS,LC 500,5.0,8,16,25,19
2020,LEXUS,LC 500h,3.5,6,27,35,30
2020,LEXUS,RC 300,2.0,4,21,30,24
2020,LEXUS,RC 300 AWD,3.5,6,18,24,21
2020,LEXUS,RC 350,3.5,6,20,28,23
2020,LEXUS,RC 350 AWD,3.5,6,19,26,21
2020,LEXUS,RC F,5.0,8,16,24,19
2020,Mercedes-Benz,A 220,2.0,4,24,35,28
2020,Mercedes-Benz,A 220 4MATIC,2.0,4,24,34,28
2020,Mercedes-Benz,AMG A 35 4MATIC,2.0,4,24,31,27
2020,Mercedes-Benz,AMG C 43 4MATIC (convertible),3.0,6,18,25,21
2020,Mercedes-Benz,AMG C 43 4MATIC (coupe),3.0,6,19,27,22
2020,Mercedes-Benz,AMG C 63 (convertible),4.0,8,17,24,20
2020,Mercedes-Benz,AMG C 63 (coupe),4.0,8,17,26,20
2020,Mercedes-Benz,AMG C 63 S (convertible),4.0,8,17,24,20
2020,Mercedes-Benz,AMG C 63 S (coupe),4.0,8,17,26,20
2020,Mercedes-Benz,AMG E 53 4MATIC+ (Convertible),3.0,6,20,26,23
2020,Mercedes-Benz,AMG E 53 4MATIC+ (Coupe),3.0,6,21,28,23
2020,Mercedes-Benz,AMG S 63 4MATIC+ (convertible),4.0,8,15,24,18
2020,Mercedes-Benz,C 300 (convertible),2.0,4,21,29,24
2020,Mercedes-Benz,C 300 (Coupe),2.0,4,22,31,25
2020,Mercedes-Benz,C 300 4MATIC (convertible),2.0,4,21,29,24
2020,Mercedes-Benz,C 300 4MATIC (Coupe),2.0,4,21,30,25
2020,Mercedes-Benz,E 450 (convertible),3.0,6,20,27,23
2020,Mercedes-Benz,E 450 (coupe),3.0,6,20,28,23
2020,Mercedes-Benz,E 450 4MATIC (convertible),3.0,6,19,26,22
2020,Mercedes-Benz,E 450 4MATIC (coupe),3.0,6,19,26,22
2020,Mercedes-Benz,S 560 (convertible),4.0,8,17,26,20
2020,Mini,COOPER HARDTOP 2 DOOR,1.5,3,28,36,31
2020,Mini,COOPER HARDTOP 4 DOOR,1.5,3,28,36,31
2020,Mini,COOPER S HARDTOP 2 DOOR,2.0,4,26,35,30
2020,Mini,COOPER S HARDTOP 4 DOOR,2.0,4,26,35,30
2020,Mini,JOHN COOPER WORKS HARDTOP,2.0,4,26,34,29
2020,NISSAN,GT-R,3.8,6,16,22,18
2020,Acura,ILX,2.4,4,24,34,28
2020,Acura,TLX AWD,3.5,6,20,29,23
2020,Acura,TLX AWD A-SPEC,3.5,6,20,29,23
2020,Acura,TLX FWD,2.4,4,23,33,27
2020,Acura,TLX FWD,3.5,6,20,31,24
2020,Acura,TLX FWD A-SPEC,2.4,4,23,32,26
2020,Acura,TLX FWD A-SPEC,3.5,6,20,30,23
2020,Audi,A4,2.0,4,27,35,30
2020,Audi,A4 quattro,2.0,4,24,32,27
2020,Audi,S4,3.0,6,20,27,23
2020,BMW,228i XDRIVE GRAN COUPE,2.0,4,23,33,27
2020,BMW,330i,2.0,4,26,36,30
2020,BMW,330i xDrive,2.0,4,25,34,28
2020,BMW,430i Coupe,2.0,4,23,34,27
2020,BMW,430i Coupe,2.0,4,21,33,25
2020,BMW,430i Gran Coupe,2.0,4,23,34,27
2020,BMW,430i xDrive Coupe,2.0,4,21,31,24
2020,BMW,430i xDrive Gran Coupe,2.0,4,21,31,24
2020,BMW,440i Coupe,3.0,6,22,30,25
2020,BMW,440i Coupe,3.0,6,19,27,22
2020,BMW,440i Gran Coupe,3.0,6,22,30,25
2020,BMW,440i xDrive Coupe,3.0,6,22,30,25
2020,BMW,440i xDrive Coupe,3.0,6,18,28,21
2020,BMW,440i xDrive Gran Coupe,3.0,6,22,30,25
2020,BMW,M235i xDrive,2.0,4,23,32,26
2020,BMW,M340i,3.0,6,22,30,25
2020,BMW,M340i xDrive,3.0,6,22,30,25
2020,BMW,M4 Coupe,3.0,6,17,23,19
2020,BMW,M4 Coupe,3.0,6,18,25,20
2020,BMW,M4 Coupe Competition,3.0,6,17,23,19
2020,BMW,M4 Coupe Competition,3.0,6,18,25,20
2020,BMW,M4 CS,3.0,6,17,23,19
2020,Cadillac,CT4,2.0,4,23,34,27
2020,Cadillac,CT4,2.7,4,20,30,24
2020,Cadillac,CT4 AWD,2.0,4,23,32,26
2020,Cadillac,CT4 AWD,2.7,4,20,28,23
2020,Cadillac,CT4 V,2.7,4,20,29,23
2020,Cadillac,CT4 V AWD,2.7,4,20,28,23
2020,Chevrolet,SONIC,1.4,4,26,34,29
2020,GENESIS,G70 AWD,2.0,4,20,27,23
2020,GENESIS,G70 AWD,3.3,6,17,25,20
2020,GENESIS,G70 RWD,2.0,4,22,30,25
2020,GENESIS,G70 RWD,2.0,4,18,28,22
2020,GENESIS,G70 RWD,3.3,6,17,26,20
2020,Honda,CIVIC 2DR,1.5,4,31,40,35
2020,Honda,CIVIC 2DR,1.5,4,30,37,33
2020,Honda,CIVIC 2DR,1.5,4,26,36,30
2020,Honda,CIVIC 2DR,2.0,4,30,38,33
2020,Honda,CIVIC 2DR,2.0,4,29,36,32
2020,Honda,CIVIC 2DR,2.0,4,25,35,29
2020,HYUNDAI MOTOR COMPANY,Accent,1.6,4,33,41,36
2020,HYUNDAI MOTOR COMPANY,Accent,1.6,4,29,39,33
2020,HYUNDAI MOTOR COMPANY,Veloster,1.6,4,28,34,30
2020,HYUNDAI MOTOR COMPANY,Veloster,1.6,4,26,33,29
2020,HYUNDAI MOTOR COMPANY,Veloster,2.0,4,27,34,30
2020,HYUNDAI MOTOR COMPANY,Veloster,2.0,4,25,33,28
2020,HYUNDAI MOTOR COMPANY,Veloster N,2.0,4,22,29,25
2020,Jaguar,XE,2.0,4,25,34,28
2020,Jaguar,XE 30t,2.0,4,24,32,27
2020,Jaguar,XE AWD,2.0,4,24,34,28
2020,Jaguar,XE AWD 30t,2.0,4,22,30,25
2020,KIA MOTORS CORPORATION,Rio,1.6,4,33,41,36
2020,LEXUS,GS F,5.0,8,16,24,19
2020,LEXUS,IS 300,2.0,4,21,30,24
2020,LEXUS,IS 300 AWD,3.5,6,18,24,21
2020,LEXUS,IS 350,3.5,6,20,28,23
2020,LEXUS,IS 350 AWD,3.5,6,19,26,21
2020,MAZDA,CX-3 2WD,2.0,4,29,34,31
2020,MAZDA,CX-3 4WD,2.0,4,27,32,29
2020,MAZDA,MAZDA2,1.5,4,32,40,35
2020,MAZDA,MAZDA2,1.5,4,30,39,34
2020,MAZDA,MAZDA3 4-Door 2WD,2.5,4,27,36,30
2020,MAZDA,MAZDA3 4-Door 2WD,2.5,4,26,35,30
2020,MAZDA,MAZDA3 4-Door 4WD,2.5,4,25,33,28
2020,Mercedes-Benz,AMG C 43 4MATIC,3.0,6,19,27,22
2020,Mercedes-Benz,AMG C 63,4.0,8,18,27,21
2020,Mercedes-Benz,AMG C 63 S,4.0,8,18,27,21
2020,Mercedes-Benz,AMG CLA 35 4MATIC,2.0,4,23,29,25
2020,Mercedes-Benz,AMG CLS 53 4MATIC+,3.0,6,21,27,23
2020,Mercedes-Benz,AMG GT 53 4MATIC+,3.0,6,19,24,21
2020,Mercedes-Benz,AMG GT 63 4MATIC+,4.0,8,15,20,17
2020,Mercedes-Benz,AMG GT 63 S 4MATIC+,4.0,8,15,20,17
2020,Mercedes-Benz,AMG S 63 4MATIC+ (coupe),4.0,8,17,27,20
2020,Mercedes-Benz,C 300,2.0,4,24,35,28
2020,Mercedes-Benz,C 300 4MATIC,2.0,4,23,33,26
2020,Mercedes-Benz,CLA 250,2.0,4,25,35,28
2020,Mercedes-Benz,CLA 250 4MATIC,2.0,4,23,33,27
2020,Mercedes-Benz,CLS 450,3.0,6,24,31,26
2020,Mercedes-Benz,CLS 450 4MATIC,3.0,6,23,30,26
2020,Mercedes-Benz,S 560 4MATIC (coupe),4.0,8,17,26,20
2020,Mitsubishi Motors Corporation,MIRAGE,1.2,3,36,43,39
2020,Mitsubishi Motors Corporation,MIRAGE,1.2,3,33,41,36
2020,Mitsubishi Motors Corporation,MIRAGE G4,1.2,3,35,41,37
2020,Mitsubishi Motors Corporation,MIRAGE G4,1.2,3,33,40,35
2020,NISSAN,VERSA,1.6,4,32,40,35
2020,NISSAN,VERSA,1.6,4,27,35,30
2020,Rolls-Royce Motor Cars Limited,Dawn,6.6,12,12,18,14
2020,Subaru,WRX,2.0,4,18,24,21
2020,Subaru,WRX,2.0,4,21,27,23
2020,Subaru,WRX,2.5,4,16,22,19
2020,TOYOTA,C-HR,2.0,4,27,31,29
2020,TOYOTA,COROLLA,1.8,4,30,38,33
2020,TOYOTA,COROLLA,1.8,4,29,39,33
2020,TOYOTA,COROLLA,2.0,4,31,40,34
2020,TOYOTA,COROLLA,2.0,4,29,36,32
2020,TOYOTA,COROLLA HATCHBACK,2.0,4,32,41,35
2020,TOYOTA,COROLLA HATCHBACK MANUAL,2.0,4,28,37,31
2020,TOYOTA,COROLLA HATCHBACK XSE,2.0,4,30,38,33
2020,TOYOTA,COROLLA HYBRID,1.8,4,53,52,52
2020,TOYOTA,COROLLA XLE,1.8,4,29,37,32
2020,TOYOTA,COROLLA XSE,2.0,4,31,38,34
2020,TOYOTA,YARIS,1.5,4,32,40,35
2020,TOYOTA,YARIS,1.5,4,30,39,34
2020,Volkswagen,Golf,1.4,4,29,35,32
2020,Volkswagen,Golf,1.4,4,28,36,31
2020,Volkswagen,GTI,2.0,4,24,32,27
2020,Volkswagen,GTI,2.0,4,24,32,27
2020,Volkswagen,Jetta,1.4,4,30,40,34
2020,Volkswagen,Jetta,1.4,4,30,40,34
2020,Volkswagen,Jetta,2.0,4,25,32,28
2020,Volkswagen,Jetta,2.0,4,25,33,28
2020,Acura,RLX,3.5,6,28,29,28
2020,Acura,RLX,3.5,6,20,29,23
2020,ALFA ROMEO,Giulia,2.0,4,24,33,27
2020,ALFA ROMEO,Giulia,2.9,6,17,25,20
2020,ALFA ROMEO,Giulia AWD,2.0,4,23,31,26
2020,Audi,A5 Sportback quattro,2.0,4,24,32,27
2020,Audi,A6 quattro,2.0,4,24,32,27
2020,Audi,A6 quattro,3.0,6,22,29,24
2020,Audi,A7 quattro,3.0,6,22,29,24
2020,Audi,S5 Sportback,3.0,6,20,27,23
2020,Audi,S6,2.9,6,18,28,22
2020,Audi,S7,2.9,6,18,28,22
2020,Bentley,Flying Spur,6.0,12,12,19,15
2020,Bentley,Mulsanne,6.8,8,10,16,12
2020,BMW,530i,2.0,4,25,33,28
2020,BMW,530i xDrive,2.0,4,24,31,27
2020,BMW,540i,3.0,6,22,30,25
2020,BMW,540i xDrive,3.0,6,22,29,25
2020,BMW,840i Gran Coupe,3.0,6,22,29,24
2020,BMW,840i xDrive Gran Coupe,3.0,6,20,27,23
2020,BMW,M5,4.4,8,15,21,17
2020,BMW,M5 Competition,4.4,8,15,21,17
2020,BMW,M550i xDrive,4.4,8,18,25,20
2020,BMW,M8 Competition Gran Coupe,4.4,8,15,21,17
2020,BMW,M8 Gran Coupe,4.4,8,15,21,17
2020,BMW,M850i xDrive Gran Coupe,4.4,8,17,25,20
2020,BMW,X2 M35i,2.0,4,23,30,26
2020,BMW,X2 sDrive28i,2.0,4,24,32,27
2020,BMW,X2 xDrive28i,2.0,4,24,31,27
2020,Buick,REGAL,2.0,4,22,32,26
2020,Buick,REGAL AWD,2.0,4,21,29,24
2020,Buick,REGAL AWD,3.6,6,19,27,22
2020,Cadillac,CT5,2.0,4,23,32,26
2020,Cadillac,CT5,3.0,6,19,26,21
2020,Cadillac,CT5 AWD,2.0,4,21,31,25
2020,Cadillac,CT5 AWD,3.0,6,18,25,21
2020,Cadillac,CT5 V,3.0,6,18,26,21
2020,Cadillac,CT5 V AWD,3.0,6,17,25,20
2020,Chevrolet,MALIBU,1.5,4,29,36,32
2020,Chevrolet,MALIBU,2.0,4,22,32,26
2020,Dodge,Challenger,3.6,6,19,30,23
2020,Dodge,Challenger,5.7,8,16,25,19
2020,Dodge,Challenger,5.7,8,15,23,18
2020,Dodge,Challenger,6.4,8,15,24,18
2020,Dodge,Challenger,6.4,8,14,23,17
2020,Dodge,Challenger AWD,3.6,6,18,27,21
2020,Dodge,Challenger SRT,6.2,8,13,22,16
2020,Dodge,Challenger SRT,6.2,8,13,21,16
2020,Dodge,Challenger SRT Widebody,6.2,8,13,21,15
2020,Dodge,Challenger SRT Widebody,6.2,8,13,21,16
2020,Dodge,Challenger Widebody,6.4,8,15,24,18
2020,Dodge,Challenger Widebody,6.4,8,14,23,17
2020,Ford,FUSION AWD,2.0,4,20,29,23
2020,Ford,FUSION FWD,1.5,4,23,34,27
2020,Ford,FUSION FWD,2.0,4,21,31,25
2020,Ford,FUSION FWD,2.5,4,21,31,24
2020,Ford,FUSION HYBRID FWD,2.0,4,43,41,42
2020,Ford,FUSION HYBRID TAXI,2.0,4,43,40,41
2020,Honda,ACCORD 2.0T SPORT/TOURING,2.0,4,22,32,26
2020,Honda,CIVIC 4Dr,1.5,4,32,42,36
2020,Honda,CIVIC 4Dr,1.5,4,30,38,33
2020,Honda,CIVIC 4Dr,1.5,4,26,36,30
2020,Honda,CIVIC 4Dr,2.0,4,30,38,33
2020,Honda,CIVIC 4Dr,2.0,4,29,37,32
2020,Honda,CIVIC 4Dr,2.0,4,25,36,29
2020,Honda,INSIGHT,1.5,4,55,49,52
2020,Honda,INSIGHT TOURING,1.5,4,51,45,48
2020,HYUNDAI MOTOR COMPANY,Elantra,1.4,4,33,41,36
2020,HYUNDAI MOTOR COMPANY,Elantra,1.6,4,26,33,29
2020,HYUNDAI MOTOR COMPANY,Elantra,2.0,4,30,40,34
2020,HYUNDAI MOTOR COMPANY,Elantra SE,2.0,4,31,41,35
2020,HYUNDAI MOTOR COMPANY,Venue,1.6,4,30,34,32
2020,HYUNDAI MOTOR COMPANY,Venue,1.6,4,27,35,30
2020,INFINITI,Q50,3.0,6,20,29,23
2020,INFINITI,Q50 AWD,3.0,6,19,27,22
2020,INFINITI,Q50 AWD RED SPORT,3.0,6,19,26,22
2020,INFINITI,Q50 RED SPORT,3.0,6,20,26,22
2020,Jaguar,XF,2.0,4,25,34,28
2020,Jaguar,XF 30t,2.0,4,23,31,26
2020,Jaguar,XF AWD,2.0,4,23,33,27
2020,Jaguar,XF AWD,3.0,6,20,28,23
2020,Jaguar,XF AWD 30t,2.0,4,22,31,25
2020,KIA MOTORS CORPORATION,Forte,1.6,4,27,35,30
2020,KIA MOTORS CORPORATION,Forte,1.6,4,25,32,28
2020,KIA MOTORS CORPORATION,Forte,2.0,4,29,40,33
2020,KIA MOTORS CORPORATION,Forte,2.0,4,27,37,31
2020,KIA MOTORS CORPORATION,Forte FE,2.0,4,31,41,35
2020,KIA MOTORS CORPORATION,Optima Hybrid,2.0,4,40,45,42
2020,KIA MOTORS CORPORATION,Stinger AWD,2.0,4,21,29,24
2020,KIA MOTORS CORPORATION,Stinger AWD,3.3,6,17,25,20
2020,KIA MOTORS CORPORATION,Stinger RWD,2.0,4,22,29,25
2020,KIA MOTORS CORPORATION,Stinger RWD,3.3,6,17,25,20
2020,LEXUS,ES 300h,2.5,4,43,44,44
2020,LEXUS,ES 350,3.5,6,22,32,26
2020,LEXUS,ES 350 F SPORT,3.5,6,22,31,25
2020,LEXUS,GS 350,3.5,6,20,28,23
2020,LEXUS,GS 350 AWD,3.5,6,19,26,21
2020,LEXUS,GS 350 F SPORT,3.5,6,19,27,22
2020,LEXUS,LS 500,3.4,6,19,30,23
2020,LEXUS,LS 500 AWD,3.4,6,18,27,21
2020,LEXUS,LS 500h,3.5,6,25,33,28
2020,LEXUS,LS 500h AWD,3.5,6,23,31,26
2020,LEXUS,UX 200,2.0,4,29,37,33
2020,Lincoln,MKZ AWD,2.0,4,20,29,23
2020,Lincoln,MKZ AWD,3.0,6,17,26,20
2020,Lincoln,MKZ FWD,2.0,4,20,31,24
2020,Lincoln,MKZ FWD,3.0,6,18,27,21
2020,Lincoln,MKZ HYBRID FWD,2.0,4,42,39,41
2020,MASERATI,GHIBLI,3.0,6,17,24,19
2020,MASERATI,GHIBLI S,3.0,6,17,24,19
2020,MASERATI,GHIBLI S Q4,3.0,6,16,24,19
2020,MAZDA,MAZDA3 5-Door 2WD,2.5,4,26,35,30
2020,MAZDA,MAZDA3 5-Door 2WD,2.5,4,25,35,29
2020,MAZDA,MAZDA3 5-Door 4WD,2.5,4,24,32,27
2020,MAZDA,MAZDA6,2.5,4,26,35,29
2020,MAZDA,MAZDA6,2.5,4,23,31,26
2020,Mercedes-Benz,AMG E 53 4MATIC+,3.0,6,21,28,24
2020,Mercedes-Benz,AMG E 63 S 4MATIC+,4.0,8,15,23,18
2020,Mercedes-Benz,E 350,2.0,4,23,32,26
2020,Mercedes-Benz,E 350 4MATIC,2.0,4,22,30,25
2020,Mercedes-Benz,E 450 4MATIC,3.0,6,20,28,23
2020,Mini,COOPER COUNTRYMAN,1.5,3,26,33,29
2020,Mini,COOPER COUNTRYMAN ALL4,1.5,3,24,33,27
2020,Mini,COOPER S CLUBMAN,2.0,4,26,34,29
2020,Mini,COOPER S CLUBMAN ALL4,2.0,4,23,32,26
2020,Mini,COOPER S COUNTRYMAN,2.0,4,24,33,28
2020,Mini,COOPER S COUNTRYMAN ALL4,2.0,4,23,31,26
2020,Mini,JCW COUNTRYMAN ALL4,2.0,4,23,30,26
2020,Mini,JOHN COOPER WORKS CLUBMAN ALL4,2.0,4,23,31,26
2020,NISSAN,ALTIMA,2.5,4,28,39,32
2020,NISSAN,ALTIMA AWD,2.5,4,26,36,30
2020,NISSAN,ALTIMA AWD SR/PLATINUM,2.5,4,25,35,29
2020,NISSAN,ALTIMA SR/PLATINUM,2.0,4,25,34,29
2020,NISSAN,ALTIMA SR/PLATINUM,2.5,4,27,37,31
2020,NISSAN,Kicks,1.6,4,31,36,33
2020,NISSAN,MAXIMA,3.5,6,20,30,24
2020,NISSAN,Sentra,2.0,4,29,39,33
2020,NISSAN,Sentra SR,2.0,4,28,37,32
2020,Rolls-Royce Motor Cars Limited,Wraith,6.6,12,12,18,14
2020,Subaru,IMPREZA 4-Door,2.0,4,28,36,31
2020,Subaru,IMPREZA 4-Door,2.0,4,23,31,26
2020,Subaru,IMPREZA 4-Door SPORT,2.0,4,27,36,30
2020,Subaru,IMPREZA 4-Door SPORT,2.0,4,23,31,26
2020,TOYOTA,AVALON,3.5,6,22,31,25
2020,TOYOTA,AVALON HYBRID,2.5,4,43,43,43
2020,TOYOTA,AVALON HYBRID XLE,2.5,4,43,44,44
2020,TOYOTA,AVALON XLE,3.5,6,22,32,26
2020,TOYOTA,CAMRY,2.5,4,29,41,34
2020,TOYOTA,CAMRY,3.5,6,22,33,26
2020,TOYOTA,CAMRY AWD LE/SE,2.5,4,25,34,29
2020,TOYOTA,CAMRY AWD XLE/XSE,2.5,4,25,34,28
2020,TOYOTA,CAMRY HYBRID LE,2.5,4,51,53,52
2020,TOYOTA,CAMRY HYBRID XLE/SE,2.5,4,44,47,46
2020,TOYOTA,CAMRY LE/SE,2.5,4,28,39,32
2020,TOYOTA,CAMRY TRD,3.5,6,22,31,25
2020,TOYOTA,CAMRY XLE/XSE,2.5,4,27,38,31
2020,TOYOTA,CAMRY XSE,3.5,6,22,32,26
2020,TOYOTA,PRIUS,1.8,4,54,50,52
2020,TOYOTA,PRIUS AWD,1.8,4,52,48,50
2020,TOYOTA,PRIUS Eco,1.8,4,58,53,56
2020,Volkswagen,Passat,2.0,4,23,34,27
2020,Audi,A8L,3.0,6,17,26,21
2020,Audi,A8L,4.0,8,15,23,18
2020,Audi,S8,4.0,8,13,22,16
2020,BMW,740i,3.0,6,22,29,24
2020,BMW,740i xDrive,3.0,6,20,28,23
2020,BMW,750i xDrive,4.4,8,17,25,20
2020,BMW,Alpina B7,4.4,8,17,25,20
2020,BMW,M760i xDrive,6.6,12,13,20,16
2020,BMW,X1 sDrive28i,2.0,4,24,33,27
2020,BMW,X1 xDrive28i,2.0,4,23,31,26
2020,Cadillac,CT6 AWD,3.6,6,18,27,21
2020,Cadillac,CT6 AWD,4.2,8,14,25,17
2020,Chevrolet,IMPALA,3.6,6,18,28,22
2020,Chevrolet,IMPALA,3.6,6,19,28,22
2020,Chrysler,300,3.6,6,19,30,23
2020,Chrysler,300,5.7,8,16,25,19
2020,Chrysler,300 AWD,3.6,6,18,27,21
2020,Dodge,Charger,3.6,6,19,30,23
2020,Dodge,Charger,5.7,8,16,25,19
2020,Dodge,Charger,6.4,8,15,24,18
2020,Dodge,Charger AWD,3.6,6,18,27,21
2020,Dodge,Charger SRT Widebody,6.2,8,12,21,15
2020,Dodge,Charger Widebody,6.4,8,15,24,18
2020,GENESIS,G80 AWD,3.3,6,17,24,20
2020,GENESIS,G80 AWD,3.8,6,18,24,20
2020,GENESIS,G80 AWD,5.0,8,15,23,18
2020,GENESIS,G80 RWD,3.3,6,17,25,20
2020,GENESIS,G80 RWD,3.8,6,18,26,21
2020,GENESIS,G80 RWD,5.0,8,16,24,19
2020,GENESIS,G90 AWD,3.3,6,17,25,20
2020,GENESIS,G90 AWD,5.0,8,15,23,18
2020,GENESIS,G90 RWD,3.3,6,17,25,20
2020,GENESIS,G90 RWD,5.0,8,16,24,19
2020,Honda,ACCORD,1.5,4,30,38,33
2020,Honda,ACCORD,1.5,4,29,35,31
2020,Honda,ACCORD,1.5,4,26,35,30
2020,Honda,ACCORD,2.0,4,48,47,48
2020,Honda,ACCORD,2.0,4,23,34,27
2020,Honda,ACCORD,2.0,4,22,32,26
2020,Honda,CIVIC 5DR,1.5,4,31,40,34
2020,Honda,CIVIC 5DR,1.5,4,29,35,32
2020,Honda,CIVIC 5DR,1.5,4,29,37,32
2020,Honda,CIVIC 5DR,2.0,4,22,28,25
2020,HYUNDAI MOTOR COMPANY,Elantra GT,1.6,4,25,32,28
2020,HYUNDAI MOTOR COMPANY,Elantra GT,1.6,4,23,30,26
2020,HYUNDAI MOTOR COMPANY,Elantra GT,2.0,4,25,32,27
2020,HYUNDAI MOTOR COMPANY,Ioniq,1.6,4,55,54,55
2020,HYUNDAI MOTOR COMPANY,Ioniq Blue,1.6,4,57,59,58
2020,HYUNDAI MOTOR COMPANY,Sonata,1.6,4,27,36,31
2020,HYUNDAI MOTOR COMPANY,Sonata,2.5,4,28,38,32
2020,HYUNDAI MOTOR COMPANY,Sonata,2.5,4,27,37,31
2020,HYUNDAI MOTOR COMPANY,Sonata Hybrid,2.0,4,45,51,47
2020,HYUNDAI MOTOR COMPANY,Sonata Hybrid Blue,2.0,4,50,54,52
2020,KIA MOTORS CORPORATION,Cadenza,3.3,6,20,28,23
2020,KIA MOTORS CORPORATION,K900,3.3,6,18,25,21
2020,KIA MOTORS CORPORATION,Optima,1.6,4,27,37,31
2020,KIA MOTORS CORPORATION,Optima,2.0,4,21,30,24
2020,KIA MOTORS CORPORATION,Optima,2.4,4,24,32,27
2020,KIA MOTORS CORPORATION,Optima FE,2.4,4,25,35,29
2020,Lincoln,CONTINENTAL AWD,2.7,6,17,25,20
2020,Lincoln,CONTINENTAL AWD,3.0,6,16,24,19
2020,Lincoln,CONTINENTAL AWD,3.7,6,16,24,19
2020,Lincoln,CONTINENTAL COACH,3.0,6,16,24,19
2020,Lincoln,CONTINENTAL FWD,2.7,6,18,27,21
2020,Lincoln,CONTINENTAL FWD,3.7,6,17,26,20
2020,MASERATI,QUATTROPORTE GTS,3.8,8,15,22,17
2020,MASERATI,QUATTROPORTE S,3.0,6,17,24,19
2020,MASERATI,QUATTROPORTE S Q4,3.0,6,16,23,18
2020,Mercedes-Benz,AMG S 63 4MATIC+,4.0,8,17,26,20
2020,Mercedes-Benz,AMG S 65,6.0,12,13,22,16
2020,Mercedes-Benz,Maybach S 650,6.0,12,13,21,16
2020,Mercedes-Benz,S 450,3.0,6,19,28,22
2020,Mercedes-Benz,S 450 4MATIC,3.0,6,18,28,22
2020,Mercedes-Benz,S 560,4.0,8,17,27,21
2020,Mercedes-Benz,S 560 4MATIC,4.0,8,17,27,21
2020,Mercedes-Benz,S 560 4MATIC Maybach,4.0,8,16,25,19
2020,Porsche,Panamera,3.0,6,19,27,22
2020,Porsche,Panamera 4,3.0,6,19,26,22
2020,Porsche,Panamera 4 Executive,3.0,6,19,26,22
2020,Porsche,Panamera 4 ST,3.0,6,19,26,22
2020,Porsche,Panamera 4S,2.9,6,18,26,21
2020,Porsche,Panamera 4S Executive,2.9,6,18,26,21
2020,Porsche,Panamera 4S ST,2.9,6,18,24,20
2020,Porsche,Panamera GTS,4.0,8,16,23,19
2020,Porsche,Panamera GTS ST,4.0,8,15,22,18
2020,Porsche,Panamera Turbo,4.0,8,18,25,21
2020,Porsche,Panamera Turbo Exec,4.0,8,18,25,21
2020,Porsche,Panamera Turbo ST,4.0,8,18,23,20
2020,Rolls-Royce Motor Cars Limited,Ghost,6.6,12,12,18,14
2020,Rolls-Royce Motor Cars Limited,Ghost EWB,6.6,12,12,18,14
2020,Rolls-Royce Motor Cars Limited,Phantom,6.7,12,12,20,14
2020,Rolls-Royce Motor Cars Limited,Phantom EWB,6.7,12,12,20,14
2020,Subaru,LEGACY,2.4,4,24,32,27
2020,Subaru,LEGACY,2.5,4,27,35,30
2020,Audi,A4 allroad quattro,2.0,4,23,31,26
2020,Buick,REGAL TOUR X AWD,2.0,4,21,29,24
2020,Chevrolet,SONIC 5,1.4,4,26,34,29
2020,FIAT,500L,1.4,4,22,30,25
2020,Honda,FIT,1.5,4,33,40,36
2020,Honda,FIT,1.5,4,31,36,33
2020,Honda,FIT,1.5,4,29,36,31
2020,Honda,HR-V AWD,1.8,4,27,31,29
2020,Honda,HR-V AWD,1.8,4,26,31,28
2020,Honda,HR-V FWD,1.8,4,28,34,30
2020,Honda,HR-V FWD,1.8,4,28,34,30
2020,KIA MOTORS CORPORATION,Niro,1.6,4,51,46,49
2020,KIA MOTORS CORPORATION,Niro FE,1.6,4,52,49,50
2020,KIA MOTORS CORPORATION,Niro Touring,1.6,4,46,40,43
2020,KIA MOTORS CORPORATION,Soul,1.6,4,27,32,29
2020,KIA MOTORS CORPORATION,Soul,2.0,4,27,33,30
2020,KIA MOTORS CORPORATION,Soul,2.0,4,25,31,27
2020,KIA MOTORS CORPORATION,Soul Eco dynamics,2.0,4,29,35,31
2020,NISSAN,Rogue Sport,2.0,4,25,32,28
2020,NISSAN,Rogue Sport AWD,2.0,4,24,30,27
2020,Subaru,IMPREZA 5-Door,2.0,4,28,36,31
2020,Subaru,IMPREZA 5-Door,2.0,4,24,31,26
2020,Subaru,IMPREZA 5-Door SPORT,2.0,4,27,35,30
2020,Subaru,IMPREZA 5-Door SPORT,2.0,4,22,30,25
2020,Volkswagen,Arteon,2.0,4,22,29,25
2020,Volkswagen,Arteon 4Motion,2.0,4,20,29,23
2020,Audi,A6 Allroad,3.0,6,20,26,22
2020,Jaguar,XF Sportbrake AWD,2.0,4,21,28,24
2020,Jaguar,XF Sportbrake AWD,3.0,6,18,25,21
2020,Mercedes-Benz,AMG E 63 S 4MATIC+ (SW),4.0,8,16,23,19
2020,Mercedes-Benz,E 450 4MATIC (station wagon),3.0,6,19,26,22
2020,NISSAN,MURANO AWD,3.5,6,20,28,23
2020,NISSAN,MURANO FWD,3.5,6,20,28,23
2020,Rolls-Royce Motor Cars Limited,Cullinan,6.7,12,12,20,14
2020,Rolls-Royce Motor Cars Limited,Cullinan Black Badge,6.7,12,12,20,14
2020,Chevrolet,COLORADO 2WD,2.5,4,20,26,22
2020,Chevrolet,COLORADO 2WD,2.8,4,20,30,23
2020,Chevrolet,COLORADO 2WD,3.6,6,18,25,20
2020,GMC,CANYON 2WD,2.5,4,20,26,22
2020,GMC,CANYON 2WD,2.8,4,20,30,23
2020,GMC,CANYON 2WD,3.6,6,18,25,20
2020,Honda,RIDGELINE FWD,3.5,6,19,26,22
2020,TOYOTA,TACOMA 2WD,2.7,4,20,23,21
2020,TOYOTA,TACOMA 2WD,3.5,6,19,24,21
2020,Chevrolet,COLORADO 4WD,2.5,4,19,24,21
2020,Chevrolet,COLORADO 4WD,2.8,4,19,28,22
2020,Chevrolet,COLORADO 4WD,3.6,6,17,24,19
2020,Chevrolet,COLORADO ZR2 4WD,2.8,4,18,22,19
2020,Chevrolet,COLORADO ZR2 4WD,3.6,6,16,18,17
2020,GMC,CANYON 4WD,2.5,4,19,24,21
2020,GMC,CANYON 4WD,2.8,4,19,28,22
2020,GMC,CANYON 4WD,3.6,6,17,24,19
2020,TOYOTA,TACOMA 4WD,2.7,4,19,22,20
2020,TOYOTA,TACOMA 4WD,3.5,6,18,22,20
2020,TOYOTA,TACOMA 4WD,3.5,6,17,21,18
2020,TOYOTA,TACOMA 4WD D-CAB MT TRD-ORP/PRO,3.5,6,17,20,18
2020,Chevrolet,SILVERADO 2WD,2.7,4,20,23,21
2020,Chevrolet,SILVERADO 2WD,2.7,4,19,22,20
2020,Chevrolet,SILVERADO 2WD,3.0,6,23,33,27
2020,Chevrolet,SILVERADO 2WD,4.3,6,16,21,17
2020,Chevrolet,SILVERADO 2WD,5.3,8,15,19,16
2020,Chevrolet,SILVERADO 2WD,5.3,8,15,21,17
2020,Chevrolet,SILVERADO 2WD,5.3,8,17,24,20
2020,Chevrolet,SILVERADO 2WD,5.3,8,17,23,19
2020,Ford,F150 2WD BASE PAYLOAD LT TIRE,3.0,6,21,28,24
2020,Ford,F150 2WD FFV BASE PAYLOAD LT,5.0,8,16,21,18
2020,Ford,F150 5.0L 2WD FFV GVWR>7599 LBS,5.0,8,15,20,17
2020,Ford,F150 PICKUP 2WD,2.7,6,20,26,22
2020,Ford,F150 PICKUP 2WD,3.0,6,21,29,24
2020,Ford,F150 PICKUP 2WD,3.5,6,17,23,19
2020,Ford,F150 PICKUP 2WD FFV,3.3,6,19,25,22
2020,Ford,F150 PICKUP 2WD FFV,5.0,8,17,23,19
2020,Ford,F150 PICKUP 2WD LIMITED,3.5,6,17,22,19
2020,Ford,RANGER 2WD,2.3,4,21,26,23
2020,GMC,SIERRA 2WD,2.7,4,20,23,21
2020,GMC,SIERRA 2WD,2.7,4,19,22,20
2020,GMC,SIERRA 2WD,3.0,6,23,30,26
2020,GMC,SIERRA 2WD,4.3,6,16,21,17
2020,GMC,SIERRA 2WD,5.3,8,15,19,16
2020,GMC,SIERRA 2WD,5.3,8,15,21,17
2020,GMC,SIERRA 2WD,5.3,8,17,24,20
2020,GMC,SIERRA 2WD,5.3,8,17,23,19
2020,NISSAN,FRONTIER 2WD,3.8,6,18,24,20
2020,NISSAN,TITAN 2WD,5.6,8,16,22,18
2020,RAM,1500 4X2,3.0,6,22,32,26
2020,RAM,1500 4X2,3.6,6,20,25,22
2020,RAM,1500 4X2,5.7,8,17,23,19
2020,RAM,1500 4X2,5.7,8,15,22,17
2020,RAM,1500 Classic 4X2,3.6,6,17,25,20
2020,RAM,1500 Classic 4X2,5.7,8,15,22,17
2020,RAM,1500 HFE 4X2,3.6,6,20,26,23
2020,TOYOTA,TUNDRA 2WD,5.7,8,13,18,15
2020,Chevrolet,SILVERADO 4WD,2.7,4,19,22,20
2020,Chevrolet,SILVERADO 4WD,2.7,4,19,22,20
2020,Chevrolet,SILVERADO 4WD,3.0,6,23,29,25
2020,Chevrolet,SILVERADO 4WD,4.3,6,15,20,17
2020,Chevrolet,SILVERADO 4WD,5.3,8,16,22,19
2020,Chevrolet,SILVERADO 4WD,5.3,8,14,18,16
2020,Chevrolet,SILVERADO 4WD,5.3,8,15,20,17
2020,Chevrolet,SILVERADO 4WD,5.3,8,16,22,18
2020,Chevrolet,SILVERADO 4WD,6.2,8,16,20,17
2020,Chevrolet,SILVERADO 4WD TRAILBOSS,4.3,6,14,18,16
2020,Chevrolet,SILVERADO 4WD TRAILBOSS,5.3,8,16,21,18
2020,Chevrolet,SILVERADO 4WD TRAILBOSS,5.3,8,14,18,16
2020,Chevrolet,SILVERADO 4WD TRAILBOSS,5.3,8,16,21,18
2020,Chevrolet,SILVERADO 4WD TRAILBOSS,6.2,8,15,19,17
2020,Chevrolet,SILVERADO 4WD TRAILBOSS,6.2,8,14,18,15
2020,Ford,F150 PICKUP 4WD,2.7,6,18,23,20
2020,Ford,F150 PICKUP 4WD,3.0,6,20,25,22
2020,Ford,F150 PICKUP 4WD,3.5,6,16,22,18
2020,Ford,F150 PICKUP 4WD FFV,3.3,6,18,23,20
2020,Ford,F150 PICKUP 4WD FFV,5.0,8,15,21,18
2020,Ford,F150 PICKUP 4WD LIMITED,3.5,6,17,21,19
2020,Ford,F150 PICKUP 4WD XL/XLT,3.0,6,21,28,24
2020,Ford,F150 RAPTOR 4WD,3.5,6,15,18,16
2020,Ford,RANGER 4WD,2.3,4,20,24,22
2020,GMC,SIERRA 4WD,2.7,4,19,22,20
2020,GMC,SIERRA 4WD,2.7,4,19,22,20
2020,GMC,SIERRA 4WD,3.0,6,22,26,24
2020,GMC,SIERRA 4WD,4.3,6,15,20,17
2020,GMC,SIERRA 4WD,5.3,8,16,22,19
2020,GMC,SIERRA 4WD,5.3,8,14,19,16
2020,GMC,SIERRA 4WD,5.3,8,15,20,17
2020,GMC,SIERRA 4WD,5.3,8,16,22,18
2020,GMC,SIERRA 4WD,6.2,8,15,20,17
2020,GMC,SIERRA 4WD AT4,3.0,6,22,26,24
2020,GMC,SIERRA 4WD AT4,5.3,8,16,21,18
2020,GMC,SIERRA 4WD AT4,5.3,8,14,18,16
2020,GMC,SIERRA 4WD AT4,5.3,8,16,21,18
2020,GMC,SIERRA 4WD AT4,6.2,8,15,19,17
2020,Honda,RIDGELINE AWD,3.5,6,19,24,21
2020,Jeep,Gladiator Pickup 4x4,3.6,6,17,22,19
2020,Jeep,Gladiator Pickup 4x4,3.6,6,16,23,19
2020,NISSAN,FRONTIER 4WD,3.8,6,17,23,19
2020,NISSAN,TITAN 4WD,5.6,8,15,21,18
2020,NISSAN,TITAN 4WD PRO-4X,5.6,8,15,21,17
2020,RAM,1500 4X4,3.0,6,21,29,24
2020,RAM,1500 4X4,3.6,6,19,24,21
2020,RAM,1500 4X4,5.7,8,17,22,19
2020,RAM,1500 4X4,5.7,8,15,21,17
2020,RAM,1500 Classic 4X4,3.6,6,16,23,19
2020,RAM,1500 Classic 4X4,5.7,8,15,21,17
2020,TOYOTA,TUNDRA 4WD,5.7,8,13,17,14
2020,Ford,TRANSIT T150 WAGON 2WD FFV,3.5,6,15,19,17
2020,Ford,TRANSIT T150 WAGON 4WD FFV,3.5,6,14,19,16
2020,Ford,RANGER 2WD INCOMPLETE,2.3,4,19,18,18
2020,Ford,TRANSIT CONNECT USPS,2.5,4,20,27,22
2020,Ford,Transit Connect Van 2WD,2.0,4,24,27,25
2020,Ford,Transit Connect Van 2WD,2.5,4,20,27,22
2020,Ford,TRANSIT CONNECT VAN FFV,2.0,4,24,27,25
2020,Ford,TRANSIT CONNECT WAGON LWB FFV,2.0,4,24,29,26
2020,Ford,Transit Connect Wagon LWB FWD,2.0,4,24,29,26
2020,Ford,Transit Connect Wagon LWB FWD,2.5,4,20,26,22
2020,Mercedes-Benz,GLB 250,2.0,4,23,30,26
2020,Mercedes-Benz,Metris (Cargo Van),2.0,4,20,24,22
2020,Mercedes-Benz,Metris (Cargo Van),2.0,4,21,24,22
2020,Mercedes-Benz,Metris (Passenger Van),2.0,4,20,24,21
2020,Mercedes-Benz,Metris (Passenger Van),2.0,4,19,23,21
2020,NISSAN,NV200 Cargo Van,2.0,4,24,26,25
2020,RAM,Promaster City,2.4,4,21,28,24
2020,Chevrolet,SILVERADO 2WD CAB CHASSIS,4.3,6,15,19,17
2020,Chevrolet,SILVERADO 2WD CAB CHASSIS,5.3,8,14,18,15
2020,Chevrolet,SILVERADO 4WD CAB CHASSIS,4.3,6,14,16,15
2020,Chevrolet,SILVERADO 4WD CAB CHASSIS,5.3,8,14,17,15
2020,GMC,SIERRA 2WD CAB CHASSIS,4.3,6,15,19,17
2020,GMC,SIERRA 2WD CAB CHASSIS,5.3,8,14,18,15
2020,GMC,SIERRA 4WD CAB CHASSIS,4.3,6,14,16,15
2020,GMC,SIERRA 4WD CAB CHASSIS,5.3,8,14,17,15
2020,Chrysler,Pacifica,3.6,6,19,28,22
2020,Chrysler,Voyager,3.6,6,19,28,22
2020,Dodge,Grand Caravan,3.6,6,17,25,20
2020,Honda,ODYSSEY FWD,3.5,6,19,28,22
2020,KIA MOTORS CORPORATION,Sedona,3.3,6,18,24,21
2020,TOYOTA,SIENNA,3.5,6,19,26,21
2020,TOYOTA,SIENNA AWD,3.5,6,18,24,20
2020,Acura,MDX FWD,3.5,6,20,27,23
2020,Acura,RDX FWD,2.0,4,22,28,24
2020,Acura,RDX FWD A-SPEC,2.0,4,22,27,24
2020,ALFA ROMEO,Stelvio,2.0,4,22,29,25
2020,BMW,X3 sDrive30i,2.0,4,25,29,27
2020,Buick,ENCORE FWD,1.4,4,25,30,27
2020,Buick,ENCORE GX FWD,1.2,3,26,30,28
2020,Buick,ENCORE GX FWD,1.3,3,30,32,31
2020,Buick,ENVISION FWD,2.5,4,22,29,25
2020,Cadillac,XT4 FWD,2.0,4,24,30,26
2020,Cadillac,XT5 FWD,2.0,4,21,28,24
2020,Cadillac,XT5 FWD,3.6,6,18,26,21
2020,Cadillac,XT6 FWD,3.6,6,18,25,20
2020,Chevrolet,BLAZER FWD,2.0,4,21,28,24
2020,Chevrolet,BLAZER FWD,2.5,4,21,27,23
2020,Chevrolet,BLAZER FWD,3.6,6,19,26,21
2020,Chevrolet,EQUINOX FWD,1.5,4,26,31,28
2020,Chevrolet,EQUINOX FWD,2.0,4,22,29,25
2020,Chevrolet,TRAX FWD,1.4,4,26,31,28
2020,Dodge,Journey,2.4,4,19,25,21
2020,Ford,ECOSPORT FWD,1.0,3,27,29,28
2020,Ford,EDGE FWD,2.0,4,21,29,24
2020,Ford,ESCAPE FWD,1.5,3,27,33,30
2020,Ford,ESCAPE FWD HEV,2.5,4,44,37,41
2020,GMC,TERRAIN FWD,1.5,4,26,30,27
2020,GMC,TERRAIN FWD,2.0,4,22,28,24
2020,Honda,CR-V FWD,1.5,4,28,34,30
2020,Honda,PASSPORT FWD,3.5,6,20,25,22
2020,Honda,PILOT FWD,3.5,6,19,27,22
2020,Honda,PILOT FWD,3.5,6,20,27,23
2020,HYUNDAI MOTOR COMPANY,Kona FWD,1.6,4,28,32,30
2020,HYUNDAI MOTOR COMPANY,Kona FWD,2.0,4,27,33,30
2020,HYUNDAI MOTOR COMPANY,Santa Fe FWD,2.0,4,20,27,23
2020,HYUNDAI MOTOR COMPANY,Santa Fe FWD,2.4,4,22,29,25
2020,HYUNDAI MOTOR COMPANY,Tucson FWD,2.0,4,23,28,25
2020,HYUNDAI MOTOR COMPANY,Tucson FWD,2.4,4,22,28,25
2020,INFINITI,QX50,2.0,4,23,29,26
2020,INFINITI,QX60 FWD,3.5,6,20,27,22
2020,Jeep,Cherokee FWD,2.0,4,23,31,26
2020,Jeep,Cherokee FWD,2.4,4,22,31,25
2020,Jeep,Cherokee FWD,3.2,6,20,29,23
2020,Jeep,Compass 4X2,2.4,4,22,31,25
2020,Jeep,Compass 4X2,2.4,4,23,32,26
2020,Jeep,Renegade 4x2,1.3,4,24,32,27
2020,Jeep,Renegade 4x2,2.4,4,22,30,25
2020,KIA MOTORS CORPORATION,Sorento FWD,2.4,4,22,29,25
2020,KIA MOTORS CORPORATION,Sorento FWD,3.3,6,19,26,22
2020,KIA MOTORS CORPORATION,Sportage FWD,2.0,4,20,28,23
2020,KIA MOTORS CORPORATION,Sportage FWD,2.4,4,23,30,26
2020,KIA MOTORS CORPORATION,Telluride FWD,3.8,6,20,26,23
2020,LEXUS,NX 300,2.0,4,22,28,25
2020,LEXUS,RX 350,3.5,6,20,27,23
2020,LEXUS,RX 350L,3.5,6,19,26,22
2020,Lincoln,CORSAIR FWD,2.0,4,22,29,25
2020,Lincoln,NAUTILUS FWD,2.0,4,21,26,23
2020,MAZDA,CX-30 2WD,2.5,4,25,33,28
2020,MAZDA,CX-30 2WD,2.5,4,25,33,28
2020,MAZDA,CX-5 2WD,2.5,4,25,31,28
2020,MAZDA,CX-9 2WD,2.5,4,22,28,24
2020,Mercedes-Benz,GLA 250,2.0,4,24,34,28
2020,Mercedes-Benz,GLC 300,2.0,4,22,29,24
2020,Mitsubishi Motors Corporation,ECLIPSE CROSS 2WD,1.5,4,25,28,26
2020,Mitsubishi Motors Corporation,ECLIPSE CROSS ES 2WD,1.5,4,26,29,27
2020,Mitsubishi Motors Corporation,OUTLANDER 2WD,2.4,4,25,30,27
2020,Mitsubishi Motors Corporation,OUTLANDER SPORT 2WD,2.0,4,24,30,27
2020,Mitsubishi Motors Corporation,OUTLANDER SPORT 2WD,2.4,4,23,29,25
2020,NISSAN,PATHFINDER 2WD,3.5,6,20,27,23
2020,NISSAN,ROGUE FWD,2.5,4,26,33,29
2020,TOYOTA,HIGHLANDER,3.5,6,21,29,24
2020,TOYOTA,HIGHLANDER,3.5,6,20,28,23
2020,TOYOTA,HIGHLANDER HYBRID,2.5,4,36,35,36
2020,TOYOTA,RAV4,2.5,4,28,35,30
2020,TOYOTA,RAV4,2.5,4,26,35,30
2020,Volkswagen,Atlas,2.0,4,20,24,22
2020,Volkswagen,Atlas,3.6,6,17,23,19
2020,Volkswagen,Atlas Cross Sport,2.0,4,21,24,22
2020,Volkswagen,Atlas Cross Sport,3.6,6,17,23,19
2020,Volkswagen,Tiguan,2.0,4,22,29,25
2020,Acura,MDX AWD,3.0,6,26,27,27
2020,Acura,MDX AWD,3.5,6,19,26,22
2020,Acura,MDX AWD A-spec,3.5,6,19,25,21
2020,Acura,RDX AWD,2.0,4,21,27,23
2020,Acura,RDX AWD A-SPEC,2.0,4,21,26,23
2020,ALFA ROMEO,Stelvio AWD,2.0,4,22,28,24
2020,ALFA ROMEO,Stelvio AWD,2.9,6,17,23,19
2020,Audi,Q3 quattro,2.0,4,19,27,22
2020,Audi,Q5,2.0,4,22,28,24
2020,Audi,SQ5,3.0,6,18,23,20
2020,BMW,X3 M,3.0,6,14,19,16
2020,BMW,X3 M Competition,3.0,6,14,19,16
2020,BMW,X3 M40i,3.0,6,21,27,23
2020,BMW,X3 xDrive30i,2.0,4,24,29,26
2020,BMW,X4 M,3.0,6,14,19,16
2020,BMW,X4 M Competition,3.0,6,14,19,16
2020,BMW,X4 M40i,3.0,6,21,27,23
2020,BMW,X4 xDrive30i,2.0,4,23,28,25
2020,Buick,ENCORE AWD,1.4,4,24,29,26
2020,Buick,ENCORE GX AWD,1.3,3,26,29,28
2020,Buick,ENVISION AWD,2.0,4,20,25,22
2020,Buick,ENVISION AWD,2.5,4,21,27,24
2020,Cadillac,XT4 AWD,2.0,4,22,29,24
2020,Cadillac,XT5 AWD,2.0,4,21,26,23
2020,Cadillac,XT5 AWD,3.6,6,18,25,20
2020,Cadillac,XT6 AWD,3.6,6,17,24,20
2020,Chevrolet,BLAZER AWD,2.0,4,21,27,23
2020,Chevrolet,BLAZER AWD,3.6,6,18,25,21
2020,Chevrolet,EQUINOX AWD,1.5,4,25,30,27
2020,Chevrolet,EQUINOX AWD,2.0,4,22,28,24
2020,Chevrolet,TRAX AWD,1.4,4,24,29,26
2020,FIAT,500X AWD,1.3,4,24,30,26
2020,Ford,ECOSPORT AWD,2.0,4,23,29,25
2020,Ford,EDGE AWD,2.0,4,21,28,23
2020,Ford,EDGE AWD,2.0,4,21,28,23
2020,Ford,EDGE AWD,2.7,6,19,26,21
2020,Ford,ESCAPE AWD,1.5,3,26,31,28
2020,Ford,ESCAPE AWD,2.0,4,23,31,26
2020,Ford,ESCAPE AWD HEV,2.5,4,43,37,40
2020,GMC,TERRAIN AWD,1.5,4,25,28,26
2020,GMC,TERRAIN AWD,2.0,4,21,26,23
2020,Honda,CR-V AWD,1.5,4,27,32,29
2020,Honda,CR-V AWD,2.0,4,40,35,38
2020,Honda,PASSPORT AWD,3.5,6,19,24,21
2020,Honda,PILOT AWD,3.5,6,18,26,21
2020,Honda,PILOT AWD,3.5,6,19,26,22
2020,HYUNDAI MOTOR COMPANY,Kona AWD,1.6,4,26,29,27
2020,HYUNDAI MOTOR COMPANY,Kona AWD,2.0,4,26,30,28
2020,HYUNDAI MOTOR COMPANY,Santa Fe AWD,2.0,4,20,26,22
2020,HYUNDAI MOTOR COMPANY,Santa Fe AWD,2.4,4,21,27,24
2020,HYUNDAI MOTOR COMPANY,Tucson AWD,2.0,4,22,25,23
2020,HYUNDAI MOTOR COMPANY,Tucson AWD,2.4,4,21,26,23
2020,INFINITI,QX50 AWD,2.0,4,22,28,25
2020,INFINITI,QX60 AWD,3.5,6,19,26,22
2020,Jaguar,E-PACE,2.0,4,21,28,24
2020,Jaguar,E-PACE P300,2.0,4,21,27,23
2020,Jaguar,F-PACE,2.0,4,22,27,24
2020,Jaguar,F-PACE,3.0,6,18,23,20
2020,Jaguar,F-PACE,5.0,8,16,21,18
2020,Jaguar,F-PACE 30t,2.0,4,22,27,24
2020,Jeep,Cherokee 4X4,2.0,4,21,29,24
2020,Jeep,Cherokee 4X4,2.4,4,21,29,24
2020,Jeep,Cherokee 4X4,3.2,6,19,27,22
2020,Jeep,Cherokee 4x4 Active Drive II,2.0,4,20,27,23
2020,Jeep,Cherokee 4x4 Active Drive II,3.2,6,18,26,21
2020,Jeep,Cherokee Trailhawk 4X4,2.0,4,20,26,22
2020,Jeep,Cherokee Trailhawk 4X4,3.2,6,18,24,21
2020,Jeep,Compass 4X4,2.4,4,22,30,25
2020,Jeep,Compass 4X4,2.4,4,22,31,25
2020,Jeep,Renegade 4x4,1.3,4,23,29,26
2020,Jeep,Renegade 4x4,2.4,4,21,29,24
2020,Jeep,Renegade Trailhawk 4x4,1.3,4,22,27,24
2020,Jeep,Wrangler 4x4,2.0,4,21,22,21
2020,Jeep,Wrangler 4x4,2.0,4,22,24,23
2020,Jeep,Wrangler 4x4,3.6,6,18,23,20
2020,Jeep,Wrangler 4x4,3.6,6,17,25,20
2020,Jeep,Wrangler Unlimited 4x4,2.0,4,21,22,21
2020,Jeep,Wrangler Unlimited 4x4,2.0,4,21,22,21
2020,Jeep,Wrangler Unlimited 4x4,3.0,6,22,29,25
2020,Jeep,Wrangler Unlimited 4x4,3.6,6,19,22,20
2020,Jeep,Wrangler Unlimited 4x4,3.6,6,18,22,20
2020,Jeep,Wrangler Unlimited 4x4,3.6,6,17,23,19
2020,KIA MOTORS CORPORATION,Sorento AWD,2.4,4,21,26,23
2020,KIA MOTORS CORPORATION,Sorento AWD,3.3,6,18,24,20
2020,KIA MOTORS CORPORATION,Sportage AWD,2.0,4,19,24,21
2020,KIA MOTORS CORPORATION,Sportage AWD,2.4,4,22,26,23
2020,KIA MOTORS CORPORATION,Telluride AWD,3.8,6,19,24,21
2020,Land Rover,Discovery Sport,2.0,4,19,24,21
2020,Land Rover,Discovery Sport MHEV,2.0,4,19,24,21
2020,Land Rover,Evoque,2.0,4,20,27,23
2020,Land Rover,Evoque MHEV,2.0,4,21,26,23
2020,Land Rover,Range Rover Velar,2.0,4,21,27,23
2020,Land Rover,Range Rover Velar,3.0,6,18,24,20
2020,Land Rover,Range Rover Velar,5.0,8,15,20,17
2020,Land Rover,Range Rover Velar P300,2.0,4,20,26,22
2020,Land Rover,Range Rover Velar P380,3.0,6,18,24,20
2020,LEXUS,NX 300 AWD,2.0,4,22,28,24
2020,LEXUS,NX 300 AWD F SPORT,2.0,4,22,27,24
2020,LEXUS,NX 300h AWD,2.5,4,33,30,31
2020,LEXUS,RX 350 AWD,3.5,6,19,26,22
2020,LEXUS,RX 350L AWD,3.5,6,18,25,21
2020,Lincoln,CORSAIR AWD,2.0,4,21,29,24
2020,Lincoln,CORSAIR AWD,2.3,4,21,28,24
2020,Lincoln,NAUTILUS AWD,2.0,4,20,25,22
2020,Lincoln,NAUTILUS AWD,2.7,6,19,26,21
2020,MAZDA,CX-30 4WD,2.5,4,25,32,27
2020,MAZDA,CX-30 4WD,2.5,4,24,31,26
2020,MAZDA,CX-5 4WD,2.5,4,24,30,26
2020,MAZDA,CX-5 4WD,2.5,4,22,27,24
2020,MAZDA,CX-9 4WD,2.5,4,20,26,23
2020,Mercedes-Benz,AMG GLC 43 4MATIC,3.0,6,18,24,21
2020,Mercedes-Benz,AMG GLC 43 4MATIC (coupe),3.0,6,18,24,21
2020,Mercedes-Benz,AMG GLC 63 4MATIC+,4.0,8,16,22,18
2020,Mercedes-Benz,AMG GLC 63 4MATIC+ (coupe),4.0,8,16,22,18
2020,Mercedes-Benz,AMG GLC 63 S 4MATIC+ (coupe),4.0,8,16,22,18
2020,Mercedes-Benz,GLA 250 4MATIC,2.0,4,22,30,25
2020,Mercedes-Benz,GLB 250 4MATIC,2.0,4,23,31,26
2020,Mercedes-Benz,GLC 300 4MATIC,2.0,4,21,28,24
2020,Mercedes-Benz,GLC 300 4MATIC (Coupe),2.0,4,21,28,24
2020,Mercedes-Benz,GLE 350,2.0,4,20,27,22
2020,Mercedes-Benz,GLE 350 4MATIC,2.0,4,19,26,22
2020,Mitsubishi Motors Corporation,ECLIPSE CROSS 4WD,1.5,4,25,26,25
2020,Mitsubishi Motors Corporation,ECLIPSE CROSS ES 4WD,1.5,4,25,28,26
2020,Mitsubishi Motors Corporation,OUTLANDER 4WD,2.4,4,24,29,26
2020,Mitsubishi Motors Corporation,OUTLANDER 4WD,3.0,6,20,27,22
2020,Mitsubishi Motors Corporation,OUTLANDER SPORT 4WD,2.0,4,23,29,26
2020,Mitsubishi Motors Corporation,OUTLANDER SPORT 4WD,2.4,4,23,28,25
2020,NISSAN,PATHFINDER 4WD,3.5,6,20,27,22
2020,NISSAN,PATHFINDER 4WD PLATINUM,3.5,6,19,26,21
2020,NISSAN,ROGUE AWD,2.5,4,25,32,27
2020,Porsche,Macan,2.0,4,19,23,21
2020,Porsche,Macan GTS,2.9,6,17,22,19
2020,Porsche,Macan S,3.0,6,18,23,20
2020,Porsche,Macan Turbo,2.9,6,17,22,19
2020,Subaru,CROSSTREK AWD,2.0,4,27,33,30
2020,Subaru,CROSSTREK AWD,2.0,4,22,29,25
2020,Subaru,FORESTER AWD,2.5,4,26,33,29
2020,Subaru,OUTBACK AWD,2.4,4,23,30,26
2020,Subaru,OUTBACK AWD,2.5,4,26,33,29
2020,TOYOTA,HIGHLANDER AWD,3.5,6,20,27,23
2020,TOYOTA,RAV4 AWD,2.5,4,27,33,29
2020,TOYOTA,RAV4 AWD,2.5,4,25,33,28
2020,TOYOTA,RAV4 AWD LE,2.5,4,27,34,30
2020,TOYOTA,RAV4 AWD TRD OFFROAD,2.5,4,25,32,27
2020,TOYOTA,RAV4 HYBRID AWD,2.5,4,41,38,40
2020,Volkswagen,Atlas Cross Sport 4Motion,2.0,4,18,23,20
2020,Volkswagen,Atlas Cross Sport 4Motion,3.6,6,16,22,19
2020,Volkswagen,Tiguan 4Motion,2.0,4,20,27,23
2020,BMW,X5 sDrive40i,3.0,6,21,26,23
2020,BMW,X6 sDrive40i,3.0,6,21,26,23
2020,Buick,ENCLAVE FWD,3.6,6,18,26,21
2020,Cadillac,ESCALADE 2WD,6.2,8,14,23,17
2020,Chevrolet,C1500 SUBURBAN 2WD,5.3,8,15,22,18
2020,Chevrolet,C1500 SUBURBAN 2WD,5.3,8,15,22,18
2020,Chevrolet,C1500 SUBURBAN 2WD,6.2,8,14,23,17
2020,Chevrolet,C1500 TAHOE 2WD,5.3,8,15,22,18
2020,Chevrolet,C1500 TAHOE 2WD,5.3,8,15,22,18
2020,Chevrolet,C1500 TAHOE 2WD,6.2,8,14,23,17
2020,Chevrolet,TRAVERSE FWD,3.6,6,18,27,21
2020,Dodge,Durango RWD,3.6,6,19,26,21
2020,Dodge,Durango RWD,5.7,8,14,22,17
2020,Ford,Expedition 2WD,3.5,6,17,23,19
2020,Ford,Expedition MAX 2WD,3.5,6,17,23,19
2020,Ford,EXPLORER HEV RWD,3.3,6,27,29,28
2020,Ford,EXPLORER RWD,2.3,4,21,28,24
2020,GMC,ACADIA FWD,2.0,4,21,28,24
2020,GMC,ACADIA FWD,2.5,4,21,27,23
2020,GMC,ACADIA FWD,3.6,6,19,27,22
2020,GMC,C1500 YUKON 2WD,5.3,8,15,22,18
2020,GMC,C1500 YUKON 2WD,5.3,8,15,22,18
2020,GMC,C1500 YUKON 2WD,6.2,8,14,23,17
2020,GMC,C1500 YUKON XL 2WD,5.3,8,15,22,18
2020,GMC,C1500 YUKON XL 2WD,5.3,8,15,22,18
2020,GMC,C1500 YUKON XL 2WD,6.2,8,14,23,17
2020,HYUNDAI MOTOR COMPANY,Palisade FWD,3.8,6,19,26,22
2020,INFINITI,QX80 2WD,5.6,8,14,20,16
2020,Jeep,Grand Cherokee 4X2,3.6,6,19,26,21
2020,Lincoln,AVIATOR RWD,3.0,6,18,26,21
2020,Lincoln,NAVIGATOR 2WD,3.5,6,16,22,19
2020,Lincoln,NAVIGATOR L 2WD,3.5,6,16,21,18
2020,NISSAN,ARMADA 2WD,5.6,8,14,19,16
2020,TOYOTA,4RUNNER 2WD,4.0,6,16,19,17
2020,TOYOTA,SEQUOIA 2WD,5.7,8,13,17,15
2020,Audi,Q7,2.0,4,19,23,21
2020,Audi,Q7,3.0,6,17,21,18
2020,Audi,Q8,3.0,6,17,21,18
2020,Audi,RS Q8,4.0,8,13,19,15
2020,Audi,SQ7,4.0,8,15,21,17
2020,Audi,SQ8,4.0,8,15,21,17
2020,Bentley,Bentayga,4.0,8,14,23,17
2020,Bentley,Bentayga,6.0,12,12,17,14
2020,BMW,X5 M,4.4,8,13,18,15
2020,BMW,X5 M Competition,4.4,8,13,18,15
2020,BMW,X5 M50i,4.4,8,16,22,18
2020,BMW,X5 xDrive40i,3.0,6,20,26,22
2020,BMW,X5 xDrive50i,4.4,8,16,22,18
2020,BMW,X6 M,4.4,8,13,18,15
2020,BMW,X6 M Competition,4.4,8,13,18,15
2020,BMW,X6 M50i,4.4,8,16,22,18
2020,BMW,X6 xDrive40i,3.0,6,20,26,22
2020,BMW,X7 M50i,4.4,8,15,21,17
2020,BMW,X7 xDrive40i,3.0,6,20,25,22
2020,BMW,X7 xDrive50i,4.4,8,15,21,17
2020,Buick,ENCLAVE AWD,3.6,6,17,25,20
2020,Cadillac,ESCALADE 4WD,6.2,8,14,21,17
2020,Chevrolet,K1500 SUBURBAN 4WD,5.3,8,14,21,16
2020,Chevrolet,K1500 SUBURBAN 4WD,5.3,8,14,21,16
2020,Chevrolet,K1500 SUBURBAN 4WD,6.2,8,14,20,16
2020,Chevrolet,K1500 TAHOE 4WD,5.3,8,15,21,17
2020,Chevrolet,K1500 TAHOE 4WD,5.3,8,15,21,17
2020,Chevrolet,K1500 TAHOE 4WD,6.2,8,14,22,17
2020,Chevrolet,TRAVERSE AWD,3.6,6,17,25,20
2020,Dodge,Durango AWD,3.6,6,18,25,21
2020,Dodge,Durango AWD,5.7,8,14,22,17
2020,Dodge,Durango SRT AWD,6.4,8,13,19,15
2020,Ford,Expedition 4WD,3.5,6,17,22,19
2020,Ford,Expedition MAX 4WD,3.5,6,16,21,18
2020,Ford,EXPLORER AWD,2.3,4,20,27,23
2020,Ford,EXPLORER AWD,3.0,6,18,24,20
2020,Ford,EXPLORER FFV AWD,3.3,6,16,23,19
2020,Ford,EXPLORER HEV AWD,3.3,6,23,26,25
2020,GMC,ACADIA AWD,2.0,4,21,27,23
2020,GMC,ACADIA AWD,3.6,6,18,25,21
2020,GMC,K1500 YUKON 4WD,5.3,8,15,21,17
2020,GMC,K1500 YUKON 4WD,5.3,8,15,21,17
2020,GMC,K1500 YUKON 4WD,6.2,8,14,22,17
2020,GMC,K1500 YUKON XL 4WD,5.3,8,14,21,16
2020,GMC,K1500 YUKON XL 4WD,5.3,8,14,21,16
2020,GMC,K1500 YUKON XL 4WD,6.2,8,14,20,16
2020,HYUNDAI MOTOR COMPANY,Palisade AWD,3.8,6,19,24,21
2020,INFINITI,QX80 4WD,5.6,8,13,19,15
2020,Jeep,Grand Cherokee 4X4,3.6,6,18,25,21
2020,Jeep,Grand Cherokee 4X4,5.7,8,14,22,17
2020,Jeep,Grand Cherokee SRT 4x4,6.4,8,13,19,15
2020,Jeep,Grand Cherokee Trackhawk 4x4,6.2,8,11,17,13
2020,Lamborghini,Urus,4.0,8,12,17,14
2020,Land Rover,Discovery,3.0,6,21,26,23
2020,Land Rover,Discovery,3.0,6,16,21,18
2020,Land Rover,Range Rover,3.0,6,22,28,24
2020,Land Rover,Range Rover,5.0,8,16,21,18
2020,Land Rover,Range Rover LWB,5.0,8,16,21,18
2020,Land Rover,Range Rover LWB SVA,5.0,8,13,19,15
2020,Land Rover,Range Rover Sport,3.0,6,22,28,24
2020,Land Rover,Range Rover Sport,5.0,8,17,22,19
2020,Land Rover,Range Rover Sport SVR,5.0,8,15,20,16
2020,Land Rover,Range Rover SVA,5.0,8,14,19,16
2020,LEXUS,GX 460,4.6,8,15,19,16
2020,LEXUS,LX 570,5.7,8,12,16,14
2020,LEXUS,RX 450h AWD,3.5,6,31,28,30
2020,LEXUS,RX 450hL AWD,3.5,6,29,28,29
2020,Lincoln,AVIATOR AWD,3.0,6,17,24,20
2020,Lincoln,NAVIGATOR 4WD,3.5,6,16,21,18
2020,MASERATI,LEVANTE,3.0,6,15,21,17
2020,MASERATI,LEVANTE GTS,3.8,8,14,18,15
2020,MASERATI,LEVANTE S,3.0,6,15,21,17
2020,MASERATI,LEVANTE TROFEO,3.8,8,14,18,15
2020,Mercedes-Benz,AMG G 63,4.0,8,13,15,14
2020,Mercedes-Benz,G 550,4.0,8,13,17,14
2020,Mercedes-Benz,GLE 450 4MATIC,3.0,6,19,24,21
2020,Mercedes-Benz,GLE 580 4MATIC,4.0,8,17,21,19
2020,Mercedes-Benz,GLS 450 4MATIC,3.0,6,19,23,21
2020,Mercedes-Benz,GLS 580 4MATIC,4.0,8,16,21,18
2020,NISSAN,ARMADA 4WD,5.6,8,13,18,15
2020,Porsche,Cayenne,3.0,6,19,23,20
2020,Porsche,Cayenne Coupé,3.0,6,19,23,20
2020,Porsche,Cayenne S,2.9,6,18,22,20
2020,Porsche,Cayenne S Coupé,2.9,6,18,22,19
2020,Porsche,Cayenne Turbo,4.0,8,15,19,17
2020,Porsche,Cayenne Turbo Coupé,4.0,8,15,19,17
2020,Subaru,ASCENT AWD,2.4,4,21,27,23
2020,Subaru,ASCENT LIMITED/TOURING AWD,2.4,4,20,26,22
2020,TOYOTA,4RUNNER 4WD,4.0,6,16,19,17
2020,TOYOTA,4RUNNER 4WD,4.0,6,16,19,17
2020,TOYOTA,HIGHLANDER HYBRID AWD,2.5,4,35,35,35
2020,TOYOTA,HIGHLANDER HYBRID AWD LTD/PLAT,2.5,4,35,34,35
2020,TOYOTA,LAND CRUISER WAGON 4WD,5.7,8,13,17,14
2020,TOYOTA,SEQUOIA 4WD,5.7,8,13,17,14
2020,Volkswagen,Atlas 4Motion,3.6,6,16,22,19
